--
-- PostgreSQL database dump
--

\restrict ohLIfNnjeMdsRJrhDYqKdcHbgXZmDaMHxjOmg8Cr1Ls2m5R3MilSiCKVCdrNhS4

-- Dumped from database version 16.13
-- Dumped by pg_dump version 16.13

SET statement_timeout = 0;
SET lock_timeout = 0;
SET idle_in_transaction_session_timeout = 0;
SET client_encoding = 'UTF8';
SET standard_conforming_strings = on;
SELECT pg_catalog.set_config('search_path', '', false);
SET check_function_bodies = false;
SET xmloption = content;
SET client_min_messages = warning;
SET row_security = off;

SET default_tablespace = '';

SET default_table_access_method = heap;

--
-- Name: auth_group; Type: TABLE; Schema: public; Owner: journal_user
--

CREATE TABLE public.auth_group (
    id integer NOT NULL,
    name character varying(150) NOT NULL
);


ALTER TABLE public.auth_group OWNER TO journal_user;

--
-- Name: auth_group_id_seq; Type: SEQUENCE; Schema: public; Owner: journal_user
--

ALTER TABLE public.auth_group ALTER COLUMN id ADD GENERATED BY DEFAULT AS IDENTITY (
    SEQUENCE NAME public.auth_group_id_seq
    START WITH 1
    INCREMENT BY 1
    NO MINVALUE
    NO MAXVALUE
    CACHE 1
);


--
-- Name: auth_group_permissions; Type: TABLE; Schema: public; Owner: journal_user
--

CREATE TABLE public.auth_group_permissions (
    id bigint NOT NULL,
    group_id integer NOT NULL,
    permission_id integer NOT NULL
);


ALTER TABLE public.auth_group_permissions OWNER TO journal_user;

--
-- Name: auth_group_permissions_id_seq; Type: SEQUENCE; Schema: public; Owner: journal_user
--

ALTER TABLE public.auth_group_permissions ALTER COLUMN id ADD GENERATED BY DEFAULT AS IDENTITY (
    SEQUENCE NAME public.auth_group_permissions_id_seq
    START WITH 1
    INCREMENT BY 1
    NO MINVALUE
    NO MAXVALUE
    CACHE 1
);


--
-- Name: auth_permission; Type: TABLE; Schema: public; Owner: journal_user
--

CREATE TABLE public.auth_permission (
    id integer NOT NULL,
    name character varying(255) NOT NULL,
    content_type_id integer NOT NULL,
    codename character varying(100) NOT NULL
);


ALTER TABLE public.auth_permission OWNER TO journal_user;

--
-- Name: auth_permission_id_seq; Type: SEQUENCE; Schema: public; Owner: journal_user
--

ALTER TABLE public.auth_permission ALTER COLUMN id ADD GENERATED BY DEFAULT AS IDENTITY (
    SEQUENCE NAME public.auth_permission_id_seq
    START WITH 1
    INCREMENT BY 1
    NO MINVALUE
    NO MAXVALUE
    CACHE 1
);


--
-- Name: django_admin_log; Type: TABLE; Schema: public; Owner: journal_user
--

CREATE TABLE public.django_admin_log (
    id integer NOT NULL,
    action_time timestamp with time zone NOT NULL,
    object_id text,
    object_repr character varying(200) NOT NULL,
    action_flag smallint NOT NULL,
    change_message text NOT NULL,
    content_type_id integer,
    user_id bigint NOT NULL,
    CONSTRAINT django_admin_log_action_flag_check CHECK ((action_flag >= 0))
);


ALTER TABLE public.django_admin_log OWNER TO journal_user;

--
-- Name: django_admin_log_id_seq; Type: SEQUENCE; Schema: public; Owner: journal_user
--

ALTER TABLE public.django_admin_log ALTER COLUMN id ADD GENERATED BY DEFAULT AS IDENTITY (
    SEQUENCE NAME public.django_admin_log_id_seq
    START WITH 1
    INCREMENT BY 1
    NO MINVALUE
    NO MAXVALUE
    CACHE 1
);


--
-- Name: django_content_type; Type: TABLE; Schema: public; Owner: journal_user
--

CREATE TABLE public.django_content_type (
    id integer NOT NULL,
    app_label character varying(100) NOT NULL,
    model character varying(100) NOT NULL
);


ALTER TABLE public.django_content_type OWNER TO journal_user;

--
-- Name: django_content_type_id_seq; Type: SEQUENCE; Schema: public; Owner: journal_user
--

ALTER TABLE public.django_content_type ALTER COLUMN id ADD GENERATED BY DEFAULT AS IDENTITY (
    SEQUENCE NAME public.django_content_type_id_seq
    START WITH 1
    INCREMENT BY 1
    NO MINVALUE
    NO MAXVALUE
    CACHE 1
);


--
-- Name: django_migrations; Type: TABLE; Schema: public; Owner: journal_user
--

CREATE TABLE public.django_migrations (
    id bigint NOT NULL,
    app character varying(255) NOT NULL,
    name character varying(255) NOT NULL,
    applied timestamp with time zone NOT NULL
);


ALTER TABLE public.django_migrations OWNER TO journal_user;

--
-- Name: django_migrations_id_seq; Type: SEQUENCE; Schema: public; Owner: journal_user
--

ALTER TABLE public.django_migrations ALTER COLUMN id ADD GENERATED BY DEFAULT AS IDENTITY (
    SEQUENCE NAME public.django_migrations_id_seq
    START WITH 1
    INCREMENT BY 1
    NO MINVALUE
    NO MAXVALUE
    CACHE 1
);


--
-- Name: django_session; Type: TABLE; Schema: public; Owner: journal_user
--

CREATE TABLE public.django_session (
    session_key character varying(40) NOT NULL,
    session_data text NOT NULL,
    expire_date timestamp with time zone NOT NULL
);


ALTER TABLE public.django_session OWNER TO journal_user;

--
-- Name: journal_attendance; Type: TABLE; Schema: public; Owner: journal_user
--

CREATE TABLE public.journal_attendance (
    id bigint NOT NULL,
    attendance_type_id bigint,
    lesson_id bigint NOT NULL,
    student_id bigint NOT NULL
);


ALTER TABLE public.journal_attendance OWNER TO journal_user;

--
-- Name: journal_attendance_id_seq; Type: SEQUENCE; Schema: public; Owner: journal_user
--

ALTER TABLE public.journal_attendance ALTER COLUMN id ADD GENERATED BY DEFAULT AS IDENTITY (
    SEQUENCE NAME public.journal_attendance_id_seq
    START WITH 1
    INCREMENT BY 1
    NO MINVALUE
    NO MAXVALUE
    CACHE 1
);


--
-- Name: journal_attendancetype; Type: TABLE; Schema: public; Owner: journal_user
--

CREATE TABLE public.journal_attendancetype (
    id bigint NOT NULL,
    name character varying(50) NOT NULL
);


ALTER TABLE public.journal_attendancetype OWNER TO journal_user;

--
-- Name: journal_attendancetype_id_seq; Type: SEQUENCE; Schema: public; Owner: journal_user
--

ALTER TABLE public.journal_attendancetype ALTER COLUMN id ADD GENERATED BY DEFAULT AS IDENTITY (
    SEQUENCE NAME public.journal_attendancetype_id_seq
    START WITH 1
    INCREMENT BY 1
    NO MINVALUE
    NO MAXVALUE
    CACHE 1
);


--
-- Name: journal_classroom; Type: TABLE; Schema: public; Owner: journal_user
--

CREATE TABLE public.journal_classroom (
    id bigint NOT NULL,
    number character varying(20) NOT NULL,
    department_id bigint NOT NULL
);


ALTER TABLE public.journal_classroom OWNER TO journal_user;

--
-- Name: journal_classroom_id_seq; Type: SEQUENCE; Schema: public; Owner: journal_user
--

ALTER TABLE public.journal_classroom ALTER COLUMN id ADD GENERATED BY DEFAULT AS IDENTITY (
    SEQUENCE NAME public.journal_classroom_id_seq
    START WITH 1
    INCREMENT BY 1
    NO MINVALUE
    NO MAXVALUE
    CACHE 1
);


--
-- Name: journal_contactmessage; Type: TABLE; Schema: public; Owner: journal_user
--

CREATE TABLE public.journal_contactmessage (
    id bigint NOT NULL,
    name character varying(100) NOT NULL,
    email character varying(254) NOT NULL,
    message text NOT NULL,
    created_at timestamp with time zone NOT NULL,
    status_id bigint
);


ALTER TABLE public.journal_contactmessage OWNER TO journal_user;

--
-- Name: journal_contactmessage_id_seq; Type: SEQUENCE; Schema: public; Owner: journal_user
--

ALTER TABLE public.journal_contactmessage ALTER COLUMN id ADD GENERATED BY DEFAULT AS IDENTITY (
    SEQUENCE NAME public.journal_contactmessage_id_seq
    START WITH 1
    INCREMENT BY 1
    NO MINVALUE
    NO MAXVALUE
    CACHE 1
);


--
-- Name: journal_department; Type: TABLE; Schema: public; Owner: journal_user
--

CREATE TABLE public.journal_department (
    id bigint NOT NULL,
    name character varying(100) NOT NULL,
    address character varying(200) NOT NULL
);


ALTER TABLE public.journal_department OWNER TO journal_user;

--
-- Name: journal_department_id_seq; Type: SEQUENCE; Schema: public; Owner: journal_user
--

ALTER TABLE public.journal_department ALTER COLUMN id ADD GENERATED BY DEFAULT AS IDENTITY (
    SEQUENCE NAME public.journal_department_id_seq
    START WITH 1
    INCREMENT BY 1
    NO MINVALUE
    NO MAXVALUE
    CACHE 1
);


--
-- Name: journal_discipline; Type: TABLE; Schema: public; Owner: journal_user
--

CREATE TABLE public.journal_discipline (
    id bigint NOT NULL,
    plan_id bigint NOT NULL,
    group_id bigint NOT NULL,
    teacher_id bigint NOT NULL
);


ALTER TABLE public.journal_discipline OWNER TO journal_user;

--
-- Name: journal_discipline_id_seq; Type: SEQUENCE; Schema: public; Owner: journal_user
--

ALTER TABLE public.journal_discipline ALTER COLUMN id ADD GENERATED BY DEFAULT AS IDENTITY (
    SEQUENCE NAME public.journal_discipline_id_seq
    START WITH 1
    INCREMENT BY 1
    NO MINVALUE
    NO MAXVALUE
    CACHE 1
);


--
-- Name: journal_disciplineplan; Type: TABLE; Schema: public; Owner: journal_user
--

CREATE TABLE public.journal_disciplineplan (
    id bigint NOT NULL,
    name character varying(200) NOT NULL,
    total_hours integer NOT NULL
);


ALTER TABLE public.journal_disciplineplan OWNER TO journal_user;

--
-- Name: journal_disciplineplan_id_seq; Type: SEQUENCE; Schema: public; Owner: journal_user
--

ALTER TABLE public.journal_disciplineplan ALTER COLUMN id ADD GENERATED BY DEFAULT AS IDENTITY (
    SEQUENCE NAME public.journal_disciplineplan_id_seq
    START WITH 1
    INCREMENT BY 1
    NO MINVALUE
    NO MAXVALUE
    CACHE 1
);


--
-- Name: journal_grade; Type: TABLE; Schema: public; Owner: journal_user
--

CREATE TABLE public.journal_grade (
    id bigint NOT NULL,
    value integer NOT NULL,
    created_at timestamp with time zone NOT NULL,
    student_id bigint NOT NULL,
    task_id bigint NOT NULL
);


ALTER TABLE public.journal_grade OWNER TO journal_user;

--
-- Name: journal_grade_id_seq; Type: SEQUENCE; Schema: public; Owner: journal_user
--

ALTER TABLE public.journal_grade ALTER COLUMN id ADD GENERATED BY DEFAULT AS IDENTITY (
    SEQUENCE NAME public.journal_grade_id_seq
    START WITH 1
    INCREMENT BY 1
    NO MINVALUE
    NO MAXVALUE
    CACHE 1
);


--
-- Name: journal_group; Type: TABLE; Schema: public; Owner: journal_user
--

CREATE TABLE public.journal_group (
    id bigint NOT NULL,
    name character varying(50) NOT NULL,
    year integer NOT NULL,
    department_id bigint NOT NULL
);


ALTER TABLE public.journal_group OWNER TO journal_user;

--
-- Name: journal_group_id_seq; Type: SEQUENCE; Schema: public; Owner: journal_user
--

ALTER TABLE public.journal_group ALTER COLUMN id ADD GENERATED BY DEFAULT AS IDENTITY (
    SEQUENCE NAME public.journal_group_id_seq
    START WITH 1
    INCREMENT BY 1
    NO MINVALUE
    NO MAXVALUE
    CACHE 1
);


--
-- Name: journal_lesson; Type: TABLE; Schema: public; Owner: journal_user
--

CREATE TABLE public.journal_lesson (
    id bigint NOT NULL,
    topic character varying(200) NOT NULL,
    hours integer NOT NULL,
    lesson_type_id bigint,
    schedule_id bigint NOT NULL
);


ALTER TABLE public.journal_lesson OWNER TO journal_user;

--
-- Name: journal_lesson_id_seq; Type: SEQUENCE; Schema: public; Owner: journal_user
--

ALTER TABLE public.journal_lesson ALTER COLUMN id ADD GENERATED BY DEFAULT AS IDENTITY (
    SEQUENCE NAME public.journal_lesson_id_seq
    START WITH 1
    INCREMENT BY 1
    NO MINVALUE
    NO MAXVALUE
    CACHE 1
);


--
-- Name: journal_lessonfile; Type: TABLE; Schema: public; Owner: journal_user
--

CREATE TABLE public.journal_lessonfile (
    id bigint NOT NULL,
    name character varying(200) NOT NULL,
    file character varying(100) NOT NULL,
    uploaded_at timestamp with time zone NOT NULL,
    lesson_id bigint NOT NULL
);


ALTER TABLE public.journal_lessonfile OWNER TO journal_user;

--
-- Name: journal_lessonfile_id_seq; Type: SEQUENCE; Schema: public; Owner: journal_user
--

ALTER TABLE public.journal_lessonfile ALTER COLUMN id ADD GENERATED BY DEFAULT AS IDENTITY (
    SEQUENCE NAME public.journal_lessonfile_id_seq
    START WITH 1
    INCREMENT BY 1
    NO MINVALUE
    NO MAXVALUE
    CACHE 1
);


--
-- Name: journal_lessontype; Type: TABLE; Schema: public; Owner: journal_user
--

CREATE TABLE public.journal_lessontype (
    id bigint NOT NULL,
    name character varying(50) NOT NULL
);


ALTER TABLE public.journal_lessontype OWNER TO journal_user;

--
-- Name: journal_lessontype_id_seq; Type: SEQUENCE; Schema: public; Owner: journal_user
--

ALTER TABLE public.journal_lessontype ALTER COLUMN id ADD GENERATED BY DEFAULT AS IDENTITY (
    SEQUENCE NAME public.journal_lessontype_id_seq
    START WITH 1
    INCREMENT BY 1
    NO MINVALUE
    NO MAXVALUE
    CACHE 1
);


--
-- Name: journal_messagestatus; Type: TABLE; Schema: public; Owner: journal_user
--

CREATE TABLE public.journal_messagestatus (
    id bigint NOT NULL,
    name character varying(50) NOT NULL
);


ALTER TABLE public.journal_messagestatus OWNER TO journal_user;

--
-- Name: journal_messagestatus_id_seq; Type: SEQUENCE; Schema: public; Owner: journal_user
--

ALTER TABLE public.journal_messagestatus ALTER COLUMN id ADD GENERATED BY DEFAULT AS IDENTITY (
    SEQUENCE NAME public.journal_messagestatus_id_seq
    START WITH 1
    INCREMENT BY 1
    NO MINVALUE
    NO MAXVALUE
    CACHE 1
);


--
-- Name: journal_schedule; Type: TABLE; Schema: public; Owner: journal_user
--

CREATE TABLE public.journal_schedule (
    id bigint NOT NULL,
    lesson_number integer NOT NULL,
    date date NOT NULL,
    classroom_id bigint NOT NULL,
    discipline_id bigint NOT NULL
);


ALTER TABLE public.journal_schedule OWNER TO journal_user;

--
-- Name: journal_schedule_id_seq; Type: SEQUENCE; Schema: public; Owner: journal_user
--

ALTER TABLE public.journal_schedule ALTER COLUMN id ADD GENERATED BY DEFAULT AS IDENTITY (
    SEQUENCE NAME public.journal_schedule_id_seq
    START WITH 1
    INCREMENT BY 1
    NO MINVALUE
    NO MAXVALUE
    CACHE 1
);


--
-- Name: journal_student; Type: TABLE; Schema: public; Owner: journal_user
--

CREATE TABLE public.journal_student (
    id bigint NOT NULL,
    special_number character varying(20) NOT NULL,
    group_id bigint,
    user_id bigint NOT NULL
);


ALTER TABLE public.journal_student OWNER TO journal_user;

--
-- Name: journal_student_id_seq; Type: SEQUENCE; Schema: public; Owner: journal_user
--

ALTER TABLE public.journal_student ALTER COLUMN id ADD GENERATED BY DEFAULT AS IDENTITY (
    SEQUENCE NAME public.journal_student_id_seq
    START WITH 1
    INCREMENT BY 1
    NO MINVALUE
    NO MAXVALUE
    CACHE 1
);


--
-- Name: journal_task; Type: TABLE; Schema: public; Owner: journal_user
--

CREATE TABLE public.journal_task (
    id bigint NOT NULL,
    name character varying(200) NOT NULL,
    lesson_id bigint NOT NULL
);


ALTER TABLE public.journal_task OWNER TO journal_user;

--
-- Name: journal_task_id_seq; Type: SEQUENCE; Schema: public; Owner: journal_user
--

ALTER TABLE public.journal_task ALTER COLUMN id ADD GENERATED BY DEFAULT AS IDENTITY (
    SEQUENCE NAME public.journal_task_id_seq
    START WITH 1
    INCREMENT BY 1
    NO MINVALUE
    NO MAXVALUE
    CACHE 1
);


--
-- Name: journal_teacher; Type: TABLE; Schema: public; Owner: journal_user
--

CREATE TABLE public.journal_teacher (
    id bigint NOT NULL,
    user_id bigint NOT NULL
);


ALTER TABLE public.journal_teacher OWNER TO journal_user;

--
-- Name: journal_teacher_id_seq; Type: SEQUENCE; Schema: public; Owner: journal_user
--

ALTER TABLE public.journal_teacher ALTER COLUMN id ADD GENERATED BY DEFAULT AS IDENTITY (
    SEQUENCE NAME public.journal_teacher_id_seq
    START WITH 1
    INCREMENT BY 1
    NO MINVALUE
    NO MAXVALUE
    CACHE 1
);


--
-- Name: users_role; Type: TABLE; Schema: public; Owner: journal_user
--

CREATE TABLE public.users_role (
    id bigint NOT NULL,
    name character varying(50) NOT NULL
);


ALTER TABLE public.users_role OWNER TO journal_user;

--
-- Name: users_role_id_seq; Type: SEQUENCE; Schema: public; Owner: journal_user
--

ALTER TABLE public.users_role ALTER COLUMN id ADD GENERATED BY DEFAULT AS IDENTITY (
    SEQUENCE NAME public.users_role_id_seq
    START WITH 1
    INCREMENT BY 1
    NO MINVALUE
    NO MAXVALUE
    CACHE 1
);


--
-- Name: users_user; Type: TABLE; Schema: public; Owner: journal_user
--

CREATE TABLE public.users_user (
    id bigint NOT NULL,
    password character varying(128) NOT NULL,
    last_login timestamp with time zone,
    is_superuser boolean NOT NULL,
    username character varying(150) NOT NULL,
    first_name character varying(150) NOT NULL,
    last_name character varying(150) NOT NULL,
    email character varying(254) NOT NULL,
    is_staff boolean NOT NULL,
    is_active boolean NOT NULL,
    date_joined timestamp with time zone NOT NULL,
    phone character varying(20) NOT NULL,
    role_id bigint,
    patronymic character varying(100) NOT NULL
);


ALTER TABLE public.users_user OWNER TO journal_user;

--
-- Name: users_user_groups; Type: TABLE; Schema: public; Owner: journal_user
--

CREATE TABLE public.users_user_groups (
    id bigint NOT NULL,
    user_id bigint NOT NULL,
    group_id integer NOT NULL
);


ALTER TABLE public.users_user_groups OWNER TO journal_user;

--
-- Name: users_user_groups_id_seq; Type: SEQUENCE; Schema: public; Owner: journal_user
--

ALTER TABLE public.users_user_groups ALTER COLUMN id ADD GENERATED BY DEFAULT AS IDENTITY (
    SEQUENCE NAME public.users_user_groups_id_seq
    START WITH 1
    INCREMENT BY 1
    NO MINVALUE
    NO MAXVALUE
    CACHE 1
);


--
-- Name: users_user_id_seq; Type: SEQUENCE; Schema: public; Owner: journal_user
--

ALTER TABLE public.users_user ALTER COLUMN id ADD GENERATED BY DEFAULT AS IDENTITY (
    SEQUENCE NAME public.users_user_id_seq
    START WITH 1
    INCREMENT BY 1
    NO MINVALUE
    NO MAXVALUE
    CACHE 1
);


--
-- Name: users_user_user_permissions; Type: TABLE; Schema: public; Owner: journal_user
--

CREATE TABLE public.users_user_user_permissions (
    id bigint NOT NULL,
    user_id bigint NOT NULL,
    permission_id integer NOT NULL
);


ALTER TABLE public.users_user_user_permissions OWNER TO journal_user;

--
-- Name: users_user_user_permissions_id_seq; Type: SEQUENCE; Schema: public; Owner: journal_user
--

ALTER TABLE public.users_user_user_permissions ALTER COLUMN id ADD GENERATED BY DEFAULT AS IDENTITY (
    SEQUENCE NAME public.users_user_user_permissions_id_seq
    START WITH 1
    INCREMENT BY 1
    NO MINVALUE
    NO MAXVALUE
    CACHE 1
);


--
-- Data for Name: auth_group; Type: TABLE DATA; Schema: public; Owner: journal_user
--

COPY public.auth_group (id, name) FROM stdin;
\.


--
-- Data for Name: auth_group_permissions; Type: TABLE DATA; Schema: public; Owner: journal_user
--

COPY public.auth_group_permissions (id, group_id, permission_id) FROM stdin;
\.


--
-- Data for Name: auth_permission; Type: TABLE DATA; Schema: public; Owner: journal_user
--

COPY public.auth_permission (id, name, content_type_id, codename) FROM stdin;
1	Can add log entry	1	add_logentry
2	Can change log entry	1	change_logentry
3	Can delete log entry	1	delete_logentry
4	Can view log entry	1	view_logentry
5	Can add permission	2	add_permission
6	Can change permission	2	change_permission
7	Can delete permission	2	delete_permission
8	Can view permission	2	view_permission
9	Can add group	3	add_group
10	Can change group	3	change_group
11	Can delete group	3	delete_group
12	Can view group	3	view_group
13	Can add content type	4	add_contenttype
14	Can change content type	4	change_contenttype
15	Can delete content type	4	delete_contenttype
16	Can view content type	4	view_contenttype
17	Can add session	5	add_session
18	Can change session	5	change_session
19	Can delete session	5	delete_session
20	Can view session	5	view_session
21	Can add role	6	add_role
22	Can change role	6	change_role
23	Can delete role	6	delete_role
24	Can view role	6	view_role
25	Can add user	7	add_user
26	Can change user	7	change_user
27	Can delete user	7	delete_user
28	Can view user	7	view_user
29	Can add Тип присутствия	8	add_attendancetype
30	Can change Тип присутствия	8	change_attendancetype
31	Can delete Тип присутствия	8	delete_attendancetype
32	Can view Тип присутствия	8	view_attendancetype
33	Can add Отделение	9	add_department
34	Can change Отделение	9	change_department
35	Can delete Отделение	9	delete_department
36	Can view Отделение	9	view_department
37	Can add План дисциплины	10	add_disciplineplan
38	Can change План дисциплины	10	change_disciplineplan
39	Can delete План дисциплины	10	delete_disciplineplan
40	Can view План дисциплины	10	view_disciplineplan
41	Can add Занятие	11	add_lesson
42	Can change Занятие	11	change_lesson
43	Can delete Занятие	11	delete_lesson
44	Can view Занятие	11	view_lesson
45	Can add Тип занятия	12	add_lessontype
46	Can change Тип занятия	12	change_lessontype
47	Can delete Тип занятия	12	delete_lessontype
48	Can view Тип занятия	12	view_lessontype
49	Can add Статус сообщения	13	add_messagestatus
50	Can change Статус сообщения	13	change_messagestatus
51	Can delete Статус сообщения	13	delete_messagestatus
52	Can view Статус сообщения	13	view_messagestatus
53	Can add Кабинет	14	add_classroom
54	Can change Кабинет	14	change_classroom
55	Can delete Кабинет	14	delete_classroom
56	Can view Кабинет	14	view_classroom
57	Can add Группа	15	add_group
58	Can change Группа	15	change_group
59	Can delete Группа	15	delete_group
60	Can view Группа	15	view_group
61	Can add Дисциплина	16	add_discipline
62	Can change Дисциплина	16	change_discipline
63	Can delete Дисциплина	16	delete_discipline
64	Can view Дисциплина	16	view_discipline
65	Can add Файл занятия	17	add_lessonfile
66	Can change Файл занятия	17	change_lessonfile
67	Can delete Файл занятия	17	delete_lessonfile
68	Can view Файл занятия	17	view_lessonfile
69	Can add Контактное сообщение	18	add_contactmessage
70	Can change Контактное сообщение	18	change_contactmessage
71	Can delete Контактное сообщение	18	delete_contactmessage
72	Can view Контактное сообщение	18	view_contactmessage
73	Can add Расписание	19	add_schedule
74	Can change Расписание	19	change_schedule
75	Can delete Расписание	19	delete_schedule
76	Can view Расписание	19	view_schedule
77	Can add Студент	20	add_student
78	Can change Студент	20	change_student
79	Can delete Студент	20	delete_student
80	Can view Студент	20	view_student
81	Can add Задание	21	add_task
82	Can change Задание	21	change_task
83	Can delete Задание	21	delete_task
84	Can view Задание	21	view_task
85	Can add Преподаватель	22	add_teacher
86	Can change Преподаватель	22	change_teacher
87	Can delete Преподаватель	22	delete_teacher
88	Can view Преподаватель	22	view_teacher
89	Can add Присутствие	23	add_attendance
90	Can change Присутствие	23	change_attendance
91	Can delete Присутствие	23	delete_attendance
92	Can view Присутствие	23	view_attendance
93	Can add Оценка	24	add_grade
94	Can change Оценка	24	change_grade
95	Can delete Оценка	24	delete_grade
96	Can view Оценка	24	view_grade
\.


--
-- Data for Name: django_admin_log; Type: TABLE DATA; Schema: public; Owner: journal_user
--

COPY public.django_admin_log (id, action_time, object_id, object_repr, action_flag, change_message, content_type_id, user_id) FROM stdin;
1	2026-05-20 14:33:46.71513+10	2	Vorobyov	1	[{"added": {}}]	7	1
2	2026-05-20 14:36:51.364996+10	2	Vorobyov	2	[{"changed": {"fields": ["First name", "Last name", "Staff status", "Role", "\\u041e\\u0442\\u0447\\u0435\\u0441\\u0442\\u0432\\u043e"]}}]	7	1
3	2026-05-20 14:37:12.460529+10	1	Воробьев Николай Анатольевич	1	[{"added": {}}]	22	1
4	2026-05-20 14:47:35.355462+10	1	Каб. 1 (Экономики и сервиса)	1	[{"added": {}}]	14	1
5	2026-05-20 14:47:43.553336+10	2	Каб. 4 (Экономики и сервиса)	1	[{"added": {}}]	14	1
6	2026-05-20 14:47:48.929204+10	3	Каб. 103 (Экономики и сервиса)	1	[{"added": {}}]	14	1
7	2026-05-20 14:48:00.233137+10	4	Каб. 20 (Механическое)	1	[{"added": {}}]	14	1
8	2026-05-20 14:48:06.054102+10	5	Каб. 21 (Механическое)	1	[{"added": {}}]	14	1
9	2026-05-20 14:48:55.048891+10	1	Основы алгоритмизации и программирования	1	[{"added": {}}]	10	1
10	2026-05-20 14:49:08.089061+10	2	Разработка мобильных приложений	1	[{"added": {}}]	10	1
11	2026-05-20 14:49:23.521856+10	3	Основы программирования	1	[{"added": {}}]	10	1
12	2026-05-20 14:49:51.385798+10	4	Веб-разработка	1	[{"added": {}}]	10	1
13	2026-05-20 14:50:22.312008+10	1	1115 (2025)	1	[{"added": {}}]	15	1
14	2026-05-20 14:50:32.093289+10	2	1125 (2024)	1	[{"added": {}}]	15	1
15	2026-05-20 14:50:40.224051+10	3	1135 (2023)	1	[{"added": {}}]	15	1
16	2026-05-20 14:51:12.125223+10	4	1145 (2022)	1	[{"added": {}}]	15	1
17	2026-05-20 14:51:25.070063+10	5	1731 (2023)	1	[{"added": {}}]	15	1
18	2026-05-20 14:51:47.56484+10	5	Чемпионатное движение	1	[{"added": {}}]	10	1
19	2026-05-20 14:53:33.173532+10	3	Pushkin	1	[{"added": {}}]	7	1
20	2026-05-20 14:54:02.676455+10	3	Stenly	2	[{"changed": {"fields": ["Username", "First name", "Last name", "Staff status"]}}]	7	1
21	2026-05-20 14:55:11.089845+10	4	Madhowl	1	[{"added": {}}]	7	1
22	2026-05-20 14:55:29.018604+10	4	Madhowl	2	[{"changed": {"fields": ["First name", "Last name", "Staff status"]}}]	7	1
23	2026-05-20 14:55:58.105031+10	2	Bronzobor0d	2	[{"changed": {"fields": ["Username"]}}]	7	1
24	2026-05-20 14:56:11.065555+10	2	Побежимов Михаил Валентинович	1	[{"added": {}}]	22	1
25	2026-05-20 14:56:14.454135+10	3	Анатольевич Алексей Анатольевич	1	[{"added": {}}]	22	1
26	2026-05-20 14:56:43.504357+10	3	Stenly	2	[{"changed": {"fields": ["Last name"]}}]	7	1
27	2026-05-20 14:57:11.997155+10	1	Основы алгоритмизации и программирования - 1125	1	[{"added": {}}]	16	1
28	2026-05-20 14:57:19.581166+10	2	Разработка мобильных приложений - 1135	1	[{"added": {}}]	16	1
29	2026-05-20 14:57:26.56414+10	3	Веб-разработка - 1145	1	[{"added": {}}]	16	1
30	2026-05-20 14:57:33.257433+10	4	Чемпионатное движение - 1731	1	[{"added": {}}]	16	1
31	2026-05-20 14:58:21.413452+10	5	Основы программирования - 1115	1	[{"added": {}}]	16	1
\.


--
-- Data for Name: django_content_type; Type: TABLE DATA; Schema: public; Owner: journal_user
--

COPY public.django_content_type (id, app_label, model) FROM stdin;
1	admin	logentry
2	auth	permission
3	auth	group
4	contenttypes	contenttype
5	sessions	session
6	users	role
7	users	user
8	journal	attendancetype
9	journal	department
10	journal	disciplineplan
11	journal	lesson
12	journal	lessontype
13	journal	messagestatus
14	journal	classroom
15	journal	group
16	journal	discipline
17	journal	lessonfile
18	journal	contactmessage
19	journal	schedule
20	journal	student
21	journal	task
22	journal	teacher
23	journal	attendance
24	journal	grade
\.


--
-- Data for Name: django_migrations; Type: TABLE DATA; Schema: public; Owner: journal_user
--

COPY public.django_migrations (id, app, name, applied) FROM stdin;
1	contenttypes	0001_initial	2026-05-19 13:30:07.029452+10
2	contenttypes	0002_remove_content_type_name	2026-05-19 13:30:07.034452+10
3	auth	0001_initial	2026-05-19 13:30:07.563183+10
4	auth	0002_alter_permission_name_max_length	2026-05-19 13:30:07.568173+10
5	auth	0003_alter_user_email_max_length	2026-05-19 13:30:07.574174+10
6	auth	0004_alter_user_username_opts	2026-05-19 13:30:07.579174+10
7	auth	0005_alter_user_last_login_null	2026-05-19 13:30:07.583725+10
8	auth	0006_require_contenttypes_0002	2026-05-19 13:30:07.584725+10
9	auth	0007_alter_validators_add_error_messages	2026-05-19 13:30:07.598578+10
10	auth	0008_alter_user_username_max_length	2026-05-19 13:30:07.60346+10
11	auth	0009_alter_user_last_name_max_length	2026-05-19 13:30:07.608458+10
12	auth	0010_alter_group_name_max_length	2026-05-19 13:30:07.636196+10
13	auth	0011_update_proxy_permissions	2026-05-19 13:30:07.640891+10
14	auth	0012_alter_user_first_name_max_length	2026-05-19 13:30:07.644892+10
15	users	0001_initial	2026-05-19 13:30:08.490456+10
16	admin	0001_initial	2026-05-19 13:30:08.684103+10
17	admin	0002_logentry_remove_auto_add	2026-05-19 13:30:08.689102+10
18	admin	0003_logentry_add_action_flag_choices	2026-05-19 13:30:08.693047+10
19	sessions	0001_initial	2026-05-19 13:30:08.867592+10
20	journal	0001_initial	2026-05-20 12:23:56.722709+10
21	users	0002_user_patronymic	2026-05-20 13:28:37.102274+10
22	users	0003_alter_role_options_alter_user_options	2026-05-20 14:33:02.476881+10
\.


--
-- Data for Name: django_session; Type: TABLE DATA; Schema: public; Owner: journal_user
--

COPY public.django_session (session_key, session_data, expire_date) FROM stdin;
7dpe2pdzejx52jl7wmu2p0gboxupduy6	.eJxVjDsOwyAQBe9CHSFY8zEp0_sMiGUhOIlAMnYV5e6xJRdJ-2bmvZkP21r81tPiZ2JXJtnld8MQn6kegB6h3huPra7LjPxQ-Ek7nxql1-10_w5K6GWvgzOEyQKQVnZAm3F0AAZiVspIkhl3IEdrcsrSOgsahSYBFIxUgxLs8wXeBDdE:1wPBHZ:caXTeUrXD87iMVK5ySdxGw2_kgGZDLSNLR75yXh7tpU	2026-06-02 13:38:13.654513+10
\.


--
-- Data for Name: journal_attendance; Type: TABLE DATA; Schema: public; Owner: journal_user
--

COPY public.journal_attendance (id, attendance_type_id, lesson_id, student_id) FROM stdin;
\.


--
-- Data for Name: journal_attendancetype; Type: TABLE DATA; Schema: public; Owner: journal_user
--

COPY public.journal_attendancetype (id, name) FROM stdin;
1	Присутствовал
2	Опоздал
3	Отсутствовал по болезни
4	Отсутствовал по уважительной причине
5	Отсутствовал без причины
\.


--
-- Data for Name: journal_classroom; Type: TABLE DATA; Schema: public; Owner: journal_user
--

COPY public.journal_classroom (id, number, department_id) FROM stdin;
1	1	1
2	4	1
3	103	1
4	20	4
5	21	4
\.


--
-- Data for Name: journal_contactmessage; Type: TABLE DATA; Schema: public; Owner: journal_user
--

COPY public.journal_contactmessage (id, name, email, message, created_at, status_id) FROM stdin;
\.


--
-- Data for Name: journal_department; Type: TABLE DATA; Schema: public; Owner: journal_user
--

COPY public.journal_department (id, name, address) FROM stdin;
1	Экономики и сервиса	г.Владивосток, ул.Бородинская 16
2	Архитектуры и строительства	г.Владивосток, ул.Прапорщика Комарова 4
3	Метеорологическое	г.Владивосток, ул.Октябрьская 13
4	Механическое	г.Владивосток, ул.Бородинская 16
5	Заочное	г.Владивосток, ул.Бородинская 16
\.


--
-- Data for Name: journal_discipline; Type: TABLE DATA; Schema: public; Owner: journal_user
--

COPY public.journal_discipline (id, plan_id, group_id, teacher_id) FROM stdin;
1	1	2	3
2	2	3	1
3	4	4	2
4	5	5	1
5	3	1	1
\.


--
-- Data for Name: journal_disciplineplan; Type: TABLE DATA; Schema: public; Owner: journal_user
--

COPY public.journal_disciplineplan (id, name, total_hours) FROM stdin;
1	Основы алгоритмизации и программирования	100
2	Разработка мобильных приложений	74
3	Основы программирования	90
4	Веб-разработка	80
5	Чемпионатное движение	36
\.


--
-- Data for Name: journal_grade; Type: TABLE DATA; Schema: public; Owner: journal_user
--

COPY public.journal_grade (id, value, created_at, student_id, task_id) FROM stdin;
\.


--
-- Data for Name: journal_group; Type: TABLE DATA; Schema: public; Owner: journal_user
--

COPY public.journal_group (id, name, year, department_id) FROM stdin;
1	1115	2025	1
2	1125	2024	1
3	1135	2023	1
4	1145	2022	1
5	1731	2023	4
\.


--
-- Data for Name: journal_lesson; Type: TABLE DATA; Schema: public; Owner: journal_user
--

COPY public.journal_lesson (id, topic, hours, lesson_type_id, schedule_id) FROM stdin;
\.


--
-- Data for Name: journal_lessonfile; Type: TABLE DATA; Schema: public; Owner: journal_user
--

COPY public.journal_lessonfile (id, name, file, uploaded_at, lesson_id) FROM stdin;
\.


--
-- Data for Name: journal_lessontype; Type: TABLE DATA; Schema: public; Owner: journal_user
--

COPY public.journal_lessontype (id, name) FROM stdin;
1	Лекция
2	Практика
\.


--
-- Data for Name: journal_messagestatus; Type: TABLE DATA; Schema: public; Owner: journal_user
--

COPY public.journal_messagestatus (id, name) FROM stdin;
1	Новое
2	Просмотрено
3	В процессе
4	Закрыто
\.


--
-- Data for Name: journal_schedule; Type: TABLE DATA; Schema: public; Owner: journal_user
--

COPY public.journal_schedule (id, lesson_number, date, classroom_id, discipline_id) FROM stdin;
\.


--
-- Data for Name: journal_student; Type: TABLE DATA; Schema: public; Owner: journal_user
--

COPY public.journal_student (id, special_number, group_id, user_id) FROM stdin;
\.


--
-- Data for Name: journal_task; Type: TABLE DATA; Schema: public; Owner: journal_user
--

COPY public.journal_task (id, name, lesson_id) FROM stdin;
\.


--
-- Data for Name: journal_teacher; Type: TABLE DATA; Schema: public; Owner: journal_user
--

COPY public.journal_teacher (id, user_id) FROM stdin;
1	2
2	4
3	3
\.


--
-- Data for Name: users_role; Type: TABLE DATA; Schema: public; Owner: journal_user
--

COPY public.users_role (id, name) FROM stdin;
1	Администратор
2	Преподаватель
3	Студент
\.


--
-- Data for Name: users_user; Type: TABLE DATA; Schema: public; Owner: journal_user
--

COPY public.users_user (id, password, last_login, is_superuser, username, first_name, last_name, email, is_staff, is_active, date_joined, phone, role_id, patronymic) FROM stdin;
1	pbkdf2_sha256$1000000$KdHDtwMaxfB0kNAeuvMxbb$61Hdn0xa5WdIWTiBK5Min0yvEz1x4/jamif07/L8GT0=	2026-05-19 13:38:13.652513+10	t	admin			admin@ppk.ru	t	t	2026-05-19 13:33:39.553262+10		1	
4	pbkdf2_sha256$1000000$9iIqZsDUnmnaqn6XePZryM$V74iCJykqJ40e1wAoSv2YnQREvcjWKvqejXO8NUvXIA=	\N	f	Madhowl	Михаил	Побежимов		t	t	2026-05-20 14:55:10+10		2	Валентинович
2	pbkdf2_sha256$1000000$JIoG5742tMCJj5fkMErPzD$0IBy6nXeIGhrzM3AjJI+DmVHYMJSdS5+wBVu0A05qPs=	\N	f	Bronzobor0d	Николай	Воробьев		t	t	2026-05-20 14:33:46+10		2	Анатольевич
3	pbkdf2_sha256$1000000$emaL3mzcZGCweklg8auZ1E$H5oOAVBhc68Uzq9sM4b4/IHD97zPe5/zVmeKjY8QbIQ=	\N	f	Stenly	Алексей	Пушкин		t	t	2026-05-20 14:53:32+10		2	Анатольевич
\.


--
-- Data for Name: users_user_groups; Type: TABLE DATA; Schema: public; Owner: journal_user
--

COPY public.users_user_groups (id, user_id, group_id) FROM stdin;
\.


--
-- Data for Name: users_user_user_permissions; Type: TABLE DATA; Schema: public; Owner: journal_user
--

COPY public.users_user_user_permissions (id, user_id, permission_id) FROM stdin;
\.


--
-- Name: auth_group_id_seq; Type: SEQUENCE SET; Schema: public; Owner: journal_user
--

SELECT pg_catalog.setval('public.auth_group_id_seq', 1, false);


--
-- Name: auth_group_permissions_id_seq; Type: SEQUENCE SET; Schema: public; Owner: journal_user
--

SELECT pg_catalog.setval('public.auth_group_permissions_id_seq', 1, false);


--
-- Name: auth_permission_id_seq; Type: SEQUENCE SET; Schema: public; Owner: journal_user
--

SELECT pg_catalog.setval('public.auth_permission_id_seq', 96, true);


--
-- Name: django_admin_log_id_seq; Type: SEQUENCE SET; Schema: public; Owner: journal_user
--

SELECT pg_catalog.setval('public.django_admin_log_id_seq', 31, true);


--
-- Name: django_content_type_id_seq; Type: SEQUENCE SET; Schema: public; Owner: journal_user
--

SELECT pg_catalog.setval('public.django_content_type_id_seq', 24, true);


--
-- Name: django_migrations_id_seq; Type: SEQUENCE SET; Schema: public; Owner: journal_user
--

SELECT pg_catalog.setval('public.django_migrations_id_seq', 22, true);


--
-- Name: journal_attendance_id_seq; Type: SEQUENCE SET; Schema: public; Owner: journal_user
--

SELECT pg_catalog.setval('public.journal_attendance_id_seq', 1, false);


--
-- Name: journal_attendancetype_id_seq; Type: SEQUENCE SET; Schema: public; Owner: journal_user
--

SELECT pg_catalog.setval('public.journal_attendancetype_id_seq', 5, true);


--
-- Name: journal_classroom_id_seq; Type: SEQUENCE SET; Schema: public; Owner: journal_user
--

SELECT pg_catalog.setval('public.journal_classroom_id_seq', 5, true);


--
-- Name: journal_contactmessage_id_seq; Type: SEQUENCE SET; Schema: public; Owner: journal_user
--

SELECT pg_catalog.setval('public.journal_contactmessage_id_seq', 1, false);


--
-- Name: journal_department_id_seq; Type: SEQUENCE SET; Schema: public; Owner: journal_user
--

SELECT pg_catalog.setval('public.journal_department_id_seq', 5, true);


--
-- Name: journal_discipline_id_seq; Type: SEQUENCE SET; Schema: public; Owner: journal_user
--

SELECT pg_catalog.setval('public.journal_discipline_id_seq', 5, true);


--
-- Name: journal_disciplineplan_id_seq; Type: SEQUENCE SET; Schema: public; Owner: journal_user
--

SELECT pg_catalog.setval('public.journal_disciplineplan_id_seq', 5, true);


--
-- Name: journal_grade_id_seq; Type: SEQUENCE SET; Schema: public; Owner: journal_user
--

SELECT pg_catalog.setval('public.journal_grade_id_seq', 1, false);


--
-- Name: journal_group_id_seq; Type: SEQUENCE SET; Schema: public; Owner: journal_user
--

SELECT pg_catalog.setval('public.journal_group_id_seq', 5, true);


--
-- Name: journal_lesson_id_seq; Type: SEQUENCE SET; Schema: public; Owner: journal_user
--

SELECT pg_catalog.setval('public.journal_lesson_id_seq', 1, false);


--
-- Name: journal_lessonfile_id_seq; Type: SEQUENCE SET; Schema: public; Owner: journal_user
--

SELECT pg_catalog.setval('public.journal_lessonfile_id_seq', 1, false);


--
-- Name: journal_lessontype_id_seq; Type: SEQUENCE SET; Schema: public; Owner: journal_user
--

SELECT pg_catalog.setval('public.journal_lessontype_id_seq', 2, true);


--
-- Name: journal_messagestatus_id_seq; Type: SEQUENCE SET; Schema: public; Owner: journal_user
--

SELECT pg_catalog.setval('public.journal_messagestatus_id_seq', 4, true);


--
-- Name: journal_schedule_id_seq; Type: SEQUENCE SET; Schema: public; Owner: journal_user
--

SELECT pg_catalog.setval('public.journal_schedule_id_seq', 1, false);


--
-- Name: journal_student_id_seq; Type: SEQUENCE SET; Schema: public; Owner: journal_user
--

SELECT pg_catalog.setval('public.journal_student_id_seq', 1, false);


--
-- Name: journal_task_id_seq; Type: SEQUENCE SET; Schema: public; Owner: journal_user
--

SELECT pg_catalog.setval('public.journal_task_id_seq', 1, false);


--
-- Name: journal_teacher_id_seq; Type: SEQUENCE SET; Schema: public; Owner: journal_user
--

SELECT pg_catalog.setval('public.journal_teacher_id_seq', 3, true);


--
-- Name: users_role_id_seq; Type: SEQUENCE SET; Schema: public; Owner: journal_user
--

SELECT pg_catalog.setval('public.users_role_id_seq', 3, true);


--
-- Name: users_user_groups_id_seq; Type: SEQUENCE SET; Schema: public; Owner: journal_user
--

SELECT pg_catalog.setval('public.users_user_groups_id_seq', 1, false);


--
-- Name: users_user_id_seq; Type: SEQUENCE SET; Schema: public; Owner: journal_user
--

SELECT pg_catalog.setval('public.users_user_id_seq', 4, true);


--
-- Name: users_user_user_permissions_id_seq; Type: SEQUENCE SET; Schema: public; Owner: journal_user
--

SELECT pg_catalog.setval('public.users_user_user_permissions_id_seq', 1, false);


--
-- Name: auth_group auth_group_name_key; Type: CONSTRAINT; Schema: public; Owner: journal_user
--

ALTER TABLE ONLY public.auth_group
    ADD CONSTRAINT auth_group_name_key UNIQUE (name);


--
-- Name: auth_group_permissions auth_group_permissions_group_id_permission_id_0cd325b0_uniq; Type: CONSTRAINT; Schema: public; Owner: journal_user
--

ALTER TABLE ONLY public.auth_group_permissions
    ADD CONSTRAINT auth_group_permissions_group_id_permission_id_0cd325b0_uniq UNIQUE (group_id, permission_id);


--
-- Name: auth_group_permissions auth_group_permissions_pkey; Type: CONSTRAINT; Schema: public; Owner: journal_user
--

ALTER TABLE ONLY public.auth_group_permissions
    ADD CONSTRAINT auth_group_permissions_pkey PRIMARY KEY (id);


--
-- Name: auth_group auth_group_pkey; Type: CONSTRAINT; Schema: public; Owner: journal_user
--

ALTER TABLE ONLY public.auth_group
    ADD CONSTRAINT auth_group_pkey PRIMARY KEY (id);


--
-- Name: auth_permission auth_permission_content_type_id_codename_01ab375a_uniq; Type: CONSTRAINT; Schema: public; Owner: journal_user
--

ALTER TABLE ONLY public.auth_permission
    ADD CONSTRAINT auth_permission_content_type_id_codename_01ab375a_uniq UNIQUE (content_type_id, codename);


--
-- Name: auth_permission auth_permission_pkey; Type: CONSTRAINT; Schema: public; Owner: journal_user
--

ALTER TABLE ONLY public.auth_permission
    ADD CONSTRAINT auth_permission_pkey PRIMARY KEY (id);


--
-- Name: django_admin_log django_admin_log_pkey; Type: CONSTRAINT; Schema: public; Owner: journal_user
--

ALTER TABLE ONLY public.django_admin_log
    ADD CONSTRAINT django_admin_log_pkey PRIMARY KEY (id);


--
-- Name: django_content_type django_content_type_app_label_model_76bd3d3b_uniq; Type: CONSTRAINT; Schema: public; Owner: journal_user
--

ALTER TABLE ONLY public.django_content_type
    ADD CONSTRAINT django_content_type_app_label_model_76bd3d3b_uniq UNIQUE (app_label, model);


--
-- Name: django_content_type django_content_type_pkey; Type: CONSTRAINT; Schema: public; Owner: journal_user
--

ALTER TABLE ONLY public.django_content_type
    ADD CONSTRAINT django_content_type_pkey PRIMARY KEY (id);


--
-- Name: django_migrations django_migrations_pkey; Type: CONSTRAINT; Schema: public; Owner: journal_user
--

ALTER TABLE ONLY public.django_migrations
    ADD CONSTRAINT django_migrations_pkey PRIMARY KEY (id);


--
-- Name: django_session django_session_pkey; Type: CONSTRAINT; Schema: public; Owner: journal_user
--

ALTER TABLE ONLY public.django_session
    ADD CONSTRAINT django_session_pkey PRIMARY KEY (session_key);


--
-- Name: journal_attendance journal_attendance_lesson_id_student_id_a603104b_uniq; Type: CONSTRAINT; Schema: public; Owner: journal_user
--

ALTER TABLE ONLY public.journal_attendance
    ADD CONSTRAINT journal_attendance_lesson_id_student_id_a603104b_uniq UNIQUE (lesson_id, student_id);


--
-- Name: journal_attendance journal_attendance_pkey; Type: CONSTRAINT; Schema: public; Owner: journal_user
--

ALTER TABLE ONLY public.journal_attendance
    ADD CONSTRAINT journal_attendance_pkey PRIMARY KEY (id);


--
-- Name: journal_attendancetype journal_attendancetype_pkey; Type: CONSTRAINT; Schema: public; Owner: journal_user
--

ALTER TABLE ONLY public.journal_attendancetype
    ADD CONSTRAINT journal_attendancetype_pkey PRIMARY KEY (id);


--
-- Name: journal_classroom journal_classroom_pkey; Type: CONSTRAINT; Schema: public; Owner: journal_user
--

ALTER TABLE ONLY public.journal_classroom
    ADD CONSTRAINT journal_classroom_pkey PRIMARY KEY (id);


--
-- Name: journal_contactmessage journal_contactmessage_pkey; Type: CONSTRAINT; Schema: public; Owner: journal_user
--

ALTER TABLE ONLY public.journal_contactmessage
    ADD CONSTRAINT journal_contactmessage_pkey PRIMARY KEY (id);


--
-- Name: journal_department journal_department_pkey; Type: CONSTRAINT; Schema: public; Owner: journal_user
--

ALTER TABLE ONLY public.journal_department
    ADD CONSTRAINT journal_department_pkey PRIMARY KEY (id);


--
-- Name: journal_discipline journal_discipline_pkey; Type: CONSTRAINT; Schema: public; Owner: journal_user
--

ALTER TABLE ONLY public.journal_discipline
    ADD CONSTRAINT journal_discipline_pkey PRIMARY KEY (id);


--
-- Name: journal_discipline journal_discipline_plan_id_group_id_teacher_id_4d28b550_uniq; Type: CONSTRAINT; Schema: public; Owner: journal_user
--

ALTER TABLE ONLY public.journal_discipline
    ADD CONSTRAINT journal_discipline_plan_id_group_id_teacher_id_4d28b550_uniq UNIQUE (plan_id, group_id, teacher_id);


--
-- Name: journal_disciplineplan journal_disciplineplan_pkey; Type: CONSTRAINT; Schema: public; Owner: journal_user
--

ALTER TABLE ONLY public.journal_disciplineplan
    ADD CONSTRAINT journal_disciplineplan_pkey PRIMARY KEY (id);


--
-- Name: journal_grade journal_grade_pkey; Type: CONSTRAINT; Schema: public; Owner: journal_user
--

ALTER TABLE ONLY public.journal_grade
    ADD CONSTRAINT journal_grade_pkey PRIMARY KEY (id);


--
-- Name: journal_grade journal_grade_task_id_student_id_c361c92f_uniq; Type: CONSTRAINT; Schema: public; Owner: journal_user
--

ALTER TABLE ONLY public.journal_grade
    ADD CONSTRAINT journal_grade_task_id_student_id_c361c92f_uniq UNIQUE (task_id, student_id);


--
-- Name: journal_group journal_group_pkey; Type: CONSTRAINT; Schema: public; Owner: journal_user
--

ALTER TABLE ONLY public.journal_group
    ADD CONSTRAINT journal_group_pkey PRIMARY KEY (id);


--
-- Name: journal_lesson journal_lesson_pkey; Type: CONSTRAINT; Schema: public; Owner: journal_user
--

ALTER TABLE ONLY public.journal_lesson
    ADD CONSTRAINT journal_lesson_pkey PRIMARY KEY (id);


--
-- Name: journal_lessonfile journal_lessonfile_pkey; Type: CONSTRAINT; Schema: public; Owner: journal_user
--

ALTER TABLE ONLY public.journal_lessonfile
    ADD CONSTRAINT journal_lessonfile_pkey PRIMARY KEY (id);


--
-- Name: journal_lessontype journal_lessontype_pkey; Type: CONSTRAINT; Schema: public; Owner: journal_user
--

ALTER TABLE ONLY public.journal_lessontype
    ADD CONSTRAINT journal_lessontype_pkey PRIMARY KEY (id);


--
-- Name: journal_messagestatus journal_messagestatus_pkey; Type: CONSTRAINT; Schema: public; Owner: journal_user
--

ALTER TABLE ONLY public.journal_messagestatus
    ADD CONSTRAINT journal_messagestatus_pkey PRIMARY KEY (id);


--
-- Name: journal_schedule journal_schedule_discipline_id_date_lesson_number_855100e5_uniq; Type: CONSTRAINT; Schema: public; Owner: journal_user
--

ALTER TABLE ONLY public.journal_schedule
    ADD CONSTRAINT journal_schedule_discipline_id_date_lesson_number_855100e5_uniq UNIQUE (discipline_id, date, lesson_number);


--
-- Name: journal_schedule journal_schedule_pkey; Type: CONSTRAINT; Schema: public; Owner: journal_user
--

ALTER TABLE ONLY public.journal_schedule
    ADD CONSTRAINT journal_schedule_pkey PRIMARY KEY (id);


--
-- Name: journal_student journal_student_pkey; Type: CONSTRAINT; Schema: public; Owner: journal_user
--

ALTER TABLE ONLY public.journal_student
    ADD CONSTRAINT journal_student_pkey PRIMARY KEY (id);


--
-- Name: journal_student journal_student_special_number_key; Type: CONSTRAINT; Schema: public; Owner: journal_user
--

ALTER TABLE ONLY public.journal_student
    ADD CONSTRAINT journal_student_special_number_key UNIQUE (special_number);


--
-- Name: journal_student journal_student_user_id_key; Type: CONSTRAINT; Schema: public; Owner: journal_user
--

ALTER TABLE ONLY public.journal_student
    ADD CONSTRAINT journal_student_user_id_key UNIQUE (user_id);


--
-- Name: journal_task journal_task_pkey; Type: CONSTRAINT; Schema: public; Owner: journal_user
--

ALTER TABLE ONLY public.journal_task
    ADD CONSTRAINT journal_task_pkey PRIMARY KEY (id);


--
-- Name: journal_teacher journal_teacher_pkey; Type: CONSTRAINT; Schema: public; Owner: journal_user
--

ALTER TABLE ONLY public.journal_teacher
    ADD CONSTRAINT journal_teacher_pkey PRIMARY KEY (id);


--
-- Name: journal_teacher journal_teacher_user_id_key; Type: CONSTRAINT; Schema: public; Owner: journal_user
--

ALTER TABLE ONLY public.journal_teacher
    ADD CONSTRAINT journal_teacher_user_id_key UNIQUE (user_id);


--
-- Name: users_role users_role_name_key; Type: CONSTRAINT; Schema: public; Owner: journal_user
--

ALTER TABLE ONLY public.users_role
    ADD CONSTRAINT users_role_name_key UNIQUE (name);


--
-- Name: users_role users_role_pkey; Type: CONSTRAINT; Schema: public; Owner: journal_user
--

ALTER TABLE ONLY public.users_role
    ADD CONSTRAINT users_role_pkey PRIMARY KEY (id);


--
-- Name: users_user_groups users_user_groups_pkey; Type: CONSTRAINT; Schema: public; Owner: journal_user
--

ALTER TABLE ONLY public.users_user_groups
    ADD CONSTRAINT users_user_groups_pkey PRIMARY KEY (id);


--
-- Name: users_user_groups users_user_groups_user_id_group_id_b88eab82_uniq; Type: CONSTRAINT; Schema: public; Owner: journal_user
--

ALTER TABLE ONLY public.users_user_groups
    ADD CONSTRAINT users_user_groups_user_id_group_id_b88eab82_uniq UNIQUE (user_id, group_id);


--
-- Name: users_user users_user_pkey; Type: CONSTRAINT; Schema: public; Owner: journal_user
--

ALTER TABLE ONLY public.users_user
    ADD CONSTRAINT users_user_pkey PRIMARY KEY (id);


--
-- Name: users_user_user_permissions users_user_user_permissions_pkey; Type: CONSTRAINT; Schema: public; Owner: journal_user
--

ALTER TABLE ONLY public.users_user_user_permissions
    ADD CONSTRAINT users_user_user_permissions_pkey PRIMARY KEY (id);


--
-- Name: users_user_user_permissions users_user_user_permissions_user_id_permission_id_43338c45_uniq; Type: CONSTRAINT; Schema: public; Owner: journal_user
--

ALTER TABLE ONLY public.users_user_user_permissions
    ADD CONSTRAINT users_user_user_permissions_user_id_permission_id_43338c45_uniq UNIQUE (user_id, permission_id);


--
-- Name: users_user users_user_username_key; Type: CONSTRAINT; Schema: public; Owner: journal_user
--

ALTER TABLE ONLY public.users_user
    ADD CONSTRAINT users_user_username_key UNIQUE (username);


--
-- Name: auth_group_name_a6ea08ec_like; Type: INDEX; Schema: public; Owner: journal_user
--

CREATE INDEX auth_group_name_a6ea08ec_like ON public.auth_group USING btree (name varchar_pattern_ops);


--
-- Name: auth_group_permissions_group_id_b120cbf9; Type: INDEX; Schema: public; Owner: journal_user
--

CREATE INDEX auth_group_permissions_group_id_b120cbf9 ON public.auth_group_permissions USING btree (group_id);


--
-- Name: auth_group_permissions_permission_id_84c5c92e; Type: INDEX; Schema: public; Owner: journal_user
--

CREATE INDEX auth_group_permissions_permission_id_84c5c92e ON public.auth_group_permissions USING btree (permission_id);


--
-- Name: auth_permission_content_type_id_2f476e4b; Type: INDEX; Schema: public; Owner: journal_user
--

CREATE INDEX auth_permission_content_type_id_2f476e4b ON public.auth_permission USING btree (content_type_id);


--
-- Name: django_admin_log_content_type_id_c4bce8eb; Type: INDEX; Schema: public; Owner: journal_user
--

CREATE INDEX django_admin_log_content_type_id_c4bce8eb ON public.django_admin_log USING btree (content_type_id);


--
-- Name: django_admin_log_user_id_c564eba6; Type: INDEX; Schema: public; Owner: journal_user
--

CREATE INDEX django_admin_log_user_id_c564eba6 ON public.django_admin_log USING btree (user_id);


--
-- Name: django_session_expire_date_a5c62663; Type: INDEX; Schema: public; Owner: journal_user
--

CREATE INDEX django_session_expire_date_a5c62663 ON public.django_session USING btree (expire_date);


--
-- Name: django_session_session_key_c0390e0f_like; Type: INDEX; Schema: public; Owner: journal_user
--

CREATE INDEX django_session_session_key_c0390e0f_like ON public.django_session USING btree (session_key varchar_pattern_ops);


--
-- Name: journal_attendance_attendance_type_id_63c7e719; Type: INDEX; Schema: public; Owner: journal_user
--

CREATE INDEX journal_attendance_attendance_type_id_63c7e719 ON public.journal_attendance USING btree (attendance_type_id);


--
-- Name: journal_attendance_lesson_id_ab2bc87a; Type: INDEX; Schema: public; Owner: journal_user
--

CREATE INDEX journal_attendance_lesson_id_ab2bc87a ON public.journal_attendance USING btree (lesson_id);


--
-- Name: journal_attendance_student_id_6ed3c564; Type: INDEX; Schema: public; Owner: journal_user
--

CREATE INDEX journal_attendance_student_id_6ed3c564 ON public.journal_attendance USING btree (student_id);


--
-- Name: journal_classroom_department_id_8abe7b54; Type: INDEX; Schema: public; Owner: journal_user
--

CREATE INDEX journal_classroom_department_id_8abe7b54 ON public.journal_classroom USING btree (department_id);


--
-- Name: journal_contactmessage_status_id_f754b0cf; Type: INDEX; Schema: public; Owner: journal_user
--

CREATE INDEX journal_contactmessage_status_id_f754b0cf ON public.journal_contactmessage USING btree (status_id);


--
-- Name: journal_discipline_group_id_d18dfa74; Type: INDEX; Schema: public; Owner: journal_user
--

CREATE INDEX journal_discipline_group_id_d18dfa74 ON public.journal_discipline USING btree (group_id);


--
-- Name: journal_discipline_plan_id_f704270c; Type: INDEX; Schema: public; Owner: journal_user
--

CREATE INDEX journal_discipline_plan_id_f704270c ON public.journal_discipline USING btree (plan_id);


--
-- Name: journal_discipline_teacher_id_4bdbc0c4; Type: INDEX; Schema: public; Owner: journal_user
--

CREATE INDEX journal_discipline_teacher_id_4bdbc0c4 ON public.journal_discipline USING btree (teacher_id);


--
-- Name: journal_grade_student_id_dfd68741; Type: INDEX; Schema: public; Owner: journal_user
--

CREATE INDEX journal_grade_student_id_dfd68741 ON public.journal_grade USING btree (student_id);


--
-- Name: journal_grade_task_id_94c3b0bd; Type: INDEX; Schema: public; Owner: journal_user
--

CREATE INDEX journal_grade_task_id_94c3b0bd ON public.journal_grade USING btree (task_id);


--
-- Name: journal_group_department_id_2ccd7711; Type: INDEX; Schema: public; Owner: journal_user
--

CREATE INDEX journal_group_department_id_2ccd7711 ON public.journal_group USING btree (department_id);


--
-- Name: journal_lesson_lesson_type_id_708ef420; Type: INDEX; Schema: public; Owner: journal_user
--

CREATE INDEX journal_lesson_lesson_type_id_708ef420 ON public.journal_lesson USING btree (lesson_type_id);


--
-- Name: journal_lesson_schedule_id_e0d37a5c; Type: INDEX; Schema: public; Owner: journal_user
--

CREATE INDEX journal_lesson_schedule_id_e0d37a5c ON public.journal_lesson USING btree (schedule_id);


--
-- Name: journal_lessonfile_lesson_id_294c7ad9; Type: INDEX; Schema: public; Owner: journal_user
--

CREATE INDEX journal_lessonfile_lesson_id_294c7ad9 ON public.journal_lessonfile USING btree (lesson_id);


--
-- Name: journal_schedule_classroom_id_d0d3880d; Type: INDEX; Schema: public; Owner: journal_user
--

CREATE INDEX journal_schedule_classroom_id_d0d3880d ON public.journal_schedule USING btree (classroom_id);


--
-- Name: journal_schedule_discipline_id_9622dafd; Type: INDEX; Schema: public; Owner: journal_user
--

CREATE INDEX journal_schedule_discipline_id_9622dafd ON public.journal_schedule USING btree (discipline_id);


--
-- Name: journal_student_group_id_f32aa639; Type: INDEX; Schema: public; Owner: journal_user
--

CREATE INDEX journal_student_group_id_f32aa639 ON public.journal_student USING btree (group_id);


--
-- Name: journal_student_special_number_1ca8931a_like; Type: INDEX; Schema: public; Owner: journal_user
--

CREATE INDEX journal_student_special_number_1ca8931a_like ON public.journal_student USING btree (special_number varchar_pattern_ops);


--
-- Name: journal_task_lesson_id_98dfded4; Type: INDEX; Schema: public; Owner: journal_user
--

CREATE INDEX journal_task_lesson_id_98dfded4 ON public.journal_task USING btree (lesson_id);


--
-- Name: users_role_name_86bbd537_like; Type: INDEX; Schema: public; Owner: journal_user
--

CREATE INDEX users_role_name_86bbd537_like ON public.users_role USING btree (name varchar_pattern_ops);


--
-- Name: users_user_groups_group_id_9afc8d0e; Type: INDEX; Schema: public; Owner: journal_user
--

CREATE INDEX users_user_groups_group_id_9afc8d0e ON public.users_user_groups USING btree (group_id);


--
-- Name: users_user_groups_user_id_5f6f5a90; Type: INDEX; Schema: public; Owner: journal_user
--

CREATE INDEX users_user_groups_user_id_5f6f5a90 ON public.users_user_groups USING btree (user_id);


--
-- Name: users_user_role_id_854f2687; Type: INDEX; Schema: public; Owner: journal_user
--

CREATE INDEX users_user_role_id_854f2687 ON public.users_user USING btree (role_id);


--
-- Name: users_user_user_permissions_permission_id_0b93982e; Type: INDEX; Schema: public; Owner: journal_user
--

CREATE INDEX users_user_user_permissions_permission_id_0b93982e ON public.users_user_user_permissions USING btree (permission_id);


--
-- Name: users_user_user_permissions_user_id_20aca447; Type: INDEX; Schema: public; Owner: journal_user
--

CREATE INDEX users_user_user_permissions_user_id_20aca447 ON public.users_user_user_permissions USING btree (user_id);


--
-- Name: users_user_username_06e46fe6_like; Type: INDEX; Schema: public; Owner: journal_user
--

CREATE INDEX users_user_username_06e46fe6_like ON public.users_user USING btree (username varchar_pattern_ops);


--
-- Name: auth_group_permissions auth_group_permissio_permission_id_84c5c92e_fk_auth_perm; Type: FK CONSTRAINT; Schema: public; Owner: journal_user
--

ALTER TABLE ONLY public.auth_group_permissions
    ADD CONSTRAINT auth_group_permissio_permission_id_84c5c92e_fk_auth_perm FOREIGN KEY (permission_id) REFERENCES public.auth_permission(id) DEFERRABLE INITIALLY DEFERRED;


--
-- Name: auth_group_permissions auth_group_permissions_group_id_b120cbf9_fk_auth_group_id; Type: FK CONSTRAINT; Schema: public; Owner: journal_user
--

ALTER TABLE ONLY public.auth_group_permissions
    ADD CONSTRAINT auth_group_permissions_group_id_b120cbf9_fk_auth_group_id FOREIGN KEY (group_id) REFERENCES public.auth_group(id) DEFERRABLE INITIALLY DEFERRED;


--
-- Name: auth_permission auth_permission_content_type_id_2f476e4b_fk_django_co; Type: FK CONSTRAINT; Schema: public; Owner: journal_user
--

ALTER TABLE ONLY public.auth_permission
    ADD CONSTRAINT auth_permission_content_type_id_2f476e4b_fk_django_co FOREIGN KEY (content_type_id) REFERENCES public.django_content_type(id) DEFERRABLE INITIALLY DEFERRED;


--
-- Name: django_admin_log django_admin_log_content_type_id_c4bce8eb_fk_django_co; Type: FK CONSTRAINT; Schema: public; Owner: journal_user
--

ALTER TABLE ONLY public.django_admin_log
    ADD CONSTRAINT django_admin_log_content_type_id_c4bce8eb_fk_django_co FOREIGN KEY (content_type_id) REFERENCES public.django_content_type(id) DEFERRABLE INITIALLY DEFERRED;


--
-- Name: django_admin_log django_admin_log_user_id_c564eba6_fk_users_user_id; Type: FK CONSTRAINT; Schema: public; Owner: journal_user
--

ALTER TABLE ONLY public.django_admin_log
    ADD CONSTRAINT django_admin_log_user_id_c564eba6_fk_users_user_id FOREIGN KEY (user_id) REFERENCES public.users_user(id) DEFERRABLE INITIALLY DEFERRED;


--
-- Name: journal_attendance journal_attendance_attendance_type_id_63c7e719_fk_journal_a; Type: FK CONSTRAINT; Schema: public; Owner: journal_user
--

ALTER TABLE ONLY public.journal_attendance
    ADD CONSTRAINT journal_attendance_attendance_type_id_63c7e719_fk_journal_a FOREIGN KEY (attendance_type_id) REFERENCES public.journal_attendancetype(id) DEFERRABLE INITIALLY DEFERRED;


--
-- Name: journal_attendance journal_attendance_lesson_id_ab2bc87a_fk_journal_lesson_id; Type: FK CONSTRAINT; Schema: public; Owner: journal_user
--

ALTER TABLE ONLY public.journal_attendance
    ADD CONSTRAINT journal_attendance_lesson_id_ab2bc87a_fk_journal_lesson_id FOREIGN KEY (lesson_id) REFERENCES public.journal_lesson(id) DEFERRABLE INITIALLY DEFERRED;


--
-- Name: journal_attendance journal_attendance_student_id_6ed3c564_fk_journal_student_id; Type: FK CONSTRAINT; Schema: public; Owner: journal_user
--

ALTER TABLE ONLY public.journal_attendance
    ADD CONSTRAINT journal_attendance_student_id_6ed3c564_fk_journal_student_id FOREIGN KEY (student_id) REFERENCES public.journal_student(id) DEFERRABLE INITIALLY DEFERRED;


--
-- Name: journal_classroom journal_classroom_department_id_8abe7b54_fk_journal_d; Type: FK CONSTRAINT; Schema: public; Owner: journal_user
--

ALTER TABLE ONLY public.journal_classroom
    ADD CONSTRAINT journal_classroom_department_id_8abe7b54_fk_journal_d FOREIGN KEY (department_id) REFERENCES public.journal_department(id) DEFERRABLE INITIALLY DEFERRED;


--
-- Name: journal_contactmessage journal_contactmessa_status_id_f754b0cf_fk_journal_m; Type: FK CONSTRAINT; Schema: public; Owner: journal_user
--

ALTER TABLE ONLY public.journal_contactmessage
    ADD CONSTRAINT journal_contactmessa_status_id_f754b0cf_fk_journal_m FOREIGN KEY (status_id) REFERENCES public.journal_messagestatus(id) DEFERRABLE INITIALLY DEFERRED;


--
-- Name: journal_discipline journal_discipline_group_id_d18dfa74_fk_journal_group_id; Type: FK CONSTRAINT; Schema: public; Owner: journal_user
--

ALTER TABLE ONLY public.journal_discipline
    ADD CONSTRAINT journal_discipline_group_id_d18dfa74_fk_journal_group_id FOREIGN KEY (group_id) REFERENCES public.journal_group(id) DEFERRABLE INITIALLY DEFERRED;


--
-- Name: journal_discipline journal_discipline_plan_id_f704270c_fk_journal_d; Type: FK CONSTRAINT; Schema: public; Owner: journal_user
--

ALTER TABLE ONLY public.journal_discipline
    ADD CONSTRAINT journal_discipline_plan_id_f704270c_fk_journal_d FOREIGN KEY (plan_id) REFERENCES public.journal_disciplineplan(id) DEFERRABLE INITIALLY DEFERRED;


--
-- Name: journal_discipline journal_discipline_teacher_id_4bdbc0c4_fk_journal_teacher_id; Type: FK CONSTRAINT; Schema: public; Owner: journal_user
--

ALTER TABLE ONLY public.journal_discipline
    ADD CONSTRAINT journal_discipline_teacher_id_4bdbc0c4_fk_journal_teacher_id FOREIGN KEY (teacher_id) REFERENCES public.journal_teacher(id) DEFERRABLE INITIALLY DEFERRED;


--
-- Name: journal_grade journal_grade_student_id_dfd68741_fk_journal_student_id; Type: FK CONSTRAINT; Schema: public; Owner: journal_user
--

ALTER TABLE ONLY public.journal_grade
    ADD CONSTRAINT journal_grade_student_id_dfd68741_fk_journal_student_id FOREIGN KEY (student_id) REFERENCES public.journal_student(id) DEFERRABLE INITIALLY DEFERRED;


--
-- Name: journal_grade journal_grade_task_id_94c3b0bd_fk_journal_task_id; Type: FK CONSTRAINT; Schema: public; Owner: journal_user
--

ALTER TABLE ONLY public.journal_grade
    ADD CONSTRAINT journal_grade_task_id_94c3b0bd_fk_journal_task_id FOREIGN KEY (task_id) REFERENCES public.journal_task(id) DEFERRABLE INITIALLY DEFERRED;


--
-- Name: journal_group journal_group_department_id_2ccd7711_fk_journal_department_id; Type: FK CONSTRAINT; Schema: public; Owner: journal_user
--

ALTER TABLE ONLY public.journal_group
    ADD CONSTRAINT journal_group_department_id_2ccd7711_fk_journal_department_id FOREIGN KEY (department_id) REFERENCES public.journal_department(id) DEFERRABLE INITIALLY DEFERRED;


--
-- Name: journal_lesson journal_lesson_lesson_type_id_708ef420_fk_journal_lessontype_id; Type: FK CONSTRAINT; Schema: public; Owner: journal_user
--

ALTER TABLE ONLY public.journal_lesson
    ADD CONSTRAINT journal_lesson_lesson_type_id_708ef420_fk_journal_lessontype_id FOREIGN KEY (lesson_type_id) REFERENCES public.journal_lessontype(id) DEFERRABLE INITIALLY DEFERRED;


--
-- Name: journal_lesson journal_lesson_schedule_id_e0d37a5c_fk_journal_schedule_id; Type: FK CONSTRAINT; Schema: public; Owner: journal_user
--

ALTER TABLE ONLY public.journal_lesson
    ADD CONSTRAINT journal_lesson_schedule_id_e0d37a5c_fk_journal_schedule_id FOREIGN KEY (schedule_id) REFERENCES public.journal_schedule(id) DEFERRABLE INITIALLY DEFERRED;


--
-- Name: journal_lessonfile journal_lessonfile_lesson_id_294c7ad9_fk_journal_lesson_id; Type: FK CONSTRAINT; Schema: public; Owner: journal_user
--

ALTER TABLE ONLY public.journal_lessonfile
    ADD CONSTRAINT journal_lessonfile_lesson_id_294c7ad9_fk_journal_lesson_id FOREIGN KEY (lesson_id) REFERENCES public.journal_lesson(id) DEFERRABLE INITIALLY DEFERRED;


--
-- Name: journal_schedule journal_schedule_classroom_id_d0d3880d_fk_journal_classroom_id; Type: FK CONSTRAINT; Schema: public; Owner: journal_user
--

ALTER TABLE ONLY public.journal_schedule
    ADD CONSTRAINT journal_schedule_classroom_id_d0d3880d_fk_journal_classroom_id FOREIGN KEY (classroom_id) REFERENCES public.journal_classroom(id) DEFERRABLE INITIALLY DEFERRED;


--
-- Name: journal_schedule journal_schedule_discipline_id_9622dafd_fk_journal_d; Type: FK CONSTRAINT; Schema: public; Owner: journal_user
--

ALTER TABLE ONLY public.journal_schedule
    ADD CONSTRAINT journal_schedule_discipline_id_9622dafd_fk_journal_d FOREIGN KEY (discipline_id) REFERENCES public.journal_discipline(id) DEFERRABLE INITIALLY DEFERRED;


--
-- Name: journal_student journal_student_group_id_f32aa639_fk_journal_group_id; Type: FK CONSTRAINT; Schema: public; Owner: journal_user
--

ALTER TABLE ONLY public.journal_student
    ADD CONSTRAINT journal_student_group_id_f32aa639_fk_journal_group_id FOREIGN KEY (group_id) REFERENCES public.journal_group(id) DEFERRABLE INITIALLY DEFERRED;


--
-- Name: journal_student journal_student_user_id_c63dc2a8_fk_users_user_id; Type: FK CONSTRAINT; Schema: public; Owner: journal_user
--

ALTER TABLE ONLY public.journal_student
    ADD CONSTRAINT journal_student_user_id_c63dc2a8_fk_users_user_id FOREIGN KEY (user_id) REFERENCES public.users_user(id) DEFERRABLE INITIALLY DEFERRED;


--
-- Name: journal_task journal_task_lesson_id_98dfded4_fk_journal_lesson_id; Type: FK CONSTRAINT; Schema: public; Owner: journal_user
--

ALTER TABLE ONLY public.journal_task
    ADD CONSTRAINT journal_task_lesson_id_98dfded4_fk_journal_lesson_id FOREIGN KEY (lesson_id) REFERENCES public.journal_lesson(id) DEFERRABLE INITIALLY DEFERRED;


--
-- Name: journal_teacher journal_teacher_user_id_5401900e_fk_users_user_id; Type: FK CONSTRAINT; Schema: public; Owner: journal_user
--

ALTER TABLE ONLY public.journal_teacher
    ADD CONSTRAINT journal_teacher_user_id_5401900e_fk_users_user_id FOREIGN KEY (user_id) REFERENCES public.users_user(id) DEFERRABLE INITIALLY DEFERRED;


--
-- Name: users_user_groups users_user_groups_group_id_9afc8d0e_fk_auth_group_id; Type: FK CONSTRAINT; Schema: public; Owner: journal_user
--

ALTER TABLE ONLY public.users_user_groups
    ADD CONSTRAINT users_user_groups_group_id_9afc8d0e_fk_auth_group_id FOREIGN KEY (group_id) REFERENCES public.auth_group(id) DEFERRABLE INITIALLY DEFERRED;


--
-- Name: users_user_groups users_user_groups_user_id_5f6f5a90_fk_users_user_id; Type: FK CONSTRAINT; Schema: public; Owner: journal_user
--

ALTER TABLE ONLY public.users_user_groups
    ADD CONSTRAINT users_user_groups_user_id_5f6f5a90_fk_users_user_id FOREIGN KEY (user_id) REFERENCES public.users_user(id) DEFERRABLE INITIALLY DEFERRED;


--
-- Name: users_user users_user_role_id_854f2687_fk_users_role_id; Type: FK CONSTRAINT; Schema: public; Owner: journal_user
--

ALTER TABLE ONLY public.users_user
    ADD CONSTRAINT users_user_role_id_854f2687_fk_users_role_id FOREIGN KEY (role_id) REFERENCES public.users_role(id) DEFERRABLE INITIALLY DEFERRED;


--
-- Name: users_user_user_permissions users_user_user_perm_permission_id_0b93982e_fk_auth_perm; Type: FK CONSTRAINT; Schema: public; Owner: journal_user
--

ALTER TABLE ONLY public.users_user_user_permissions
    ADD CONSTRAINT users_user_user_perm_permission_id_0b93982e_fk_auth_perm FOREIGN KEY (permission_id) REFERENCES public.auth_permission(id) DEFERRABLE INITIALLY DEFERRED;


--
-- Name: users_user_user_permissions users_user_user_permissions_user_id_20aca447_fk_users_user_id; Type: FK CONSTRAINT; Schema: public; Owner: journal_user
--

ALTER TABLE ONLY public.users_user_user_permissions
    ADD CONSTRAINT users_user_user_permissions_user_id_20aca447_fk_users_user_id FOREIGN KEY (user_id) REFERENCES public.users_user(id) DEFERRABLE INITIALLY DEFERRED;


--
-- PostgreSQL database dump complete
--

\unrestrict ohLIfNnjeMdsRJrhDYqKdcHbgXZmDaMHxjOmg8Cr1Ls2m5R3MilSiCKVCdrNhS4

